{"age_mean": 29.45434554973822, "fare_mean": 32.56399523141655, "embarked_mode": "S", "scaler_means": {"age": 29.45434554973822, "sibsp": 0.5539971949509116, "parch": 0.3800841514726508, "fare": 32.56399523141655, "family_size": 1.9340813464235624, "fare_per_person": 20.11071286676624}, "scaler_stds": {"age": 13.011095776119136, "sibsp": 1.174871965209183, "parch": 0.7908994958614358, "fare": 51.899994978794666, "family_size": 1.6806387882947267, "fare_per_person": 38.12456550243961}}